<application>
  <component name="ServerConfiguration">
    <option name="tomcatInfos">
      <TomcatInfo>
        <option name="name" value="Apache Tomcat/9.0.52" />
        <option name="path" value="$USER_HOME$/Downloads/apache-tomcat-9.0.52" />
        <option name="version" value="9.0.52.0" />
      </TomcatInfo>
      <TomcatInfo>
        <option name="name" value="Apache Tomcat/9.0.52" />
        <option name="number" value="1" />
        <option name="path" value="$USER_HOME$/Code/appication_services/apache-tomcat-9.0.52" />
        <option name="version" value="9.0.52.0" />
      </TomcatInfo>
    </option>
  </component>
</application>