<keymap version="1" name="GNOME copy" parent="Default for GNOME">
  <action id="ActivateServicesToolWindow" />
  <action id="ActivateStructureToolWindow" />
  <action id="ActivateVersionControlToolWindow" />
  <action id="FindUsages">
    <keyboard-shortcut first-keystroke="alt 7" />
  </action>
  <action id="RenameElement">
    <keyboard-shortcut first-keystroke="shift f6" />
    <keyboard-shortcut first-keystroke="shift 6" />
  </action>
  <action id="Resume">
    <keyboard-shortcut first-keystroke="f9" />
    <keyboard-shortcut first-keystroke="alt 9" />
  </action>
  <action id="RunToCursor" />
  <action id="StepOver">
    <keyboard-shortcut first-keystroke="alt 8" />
  </action>
</keymap>